episode,key,length,return,success,action_delta_mean,near_static_ratio
0,demo_0,194,14.0,True,0.23643045127391815,0.0
1,demo_1,215,6.0,True,0.21434976160526276,0.0
2,demo_2,233,7.0,True,0.21404168009757996,0.0
3,demo_3,215,13.0,True,0.2088496834039688,0.0
4,demo_4,215,8.0,True,0.21533964574337006,0.0
5,demo_5,261,8.0,True,0.20761525630950928,0.0
6,demo_6,242,4.0,True,0.21376296877861023,0.0
7,demo_7,242,5.0,True,0.21097998321056366,0.0
8,demo_8,261,11.0,True,0.2136945277452469,0.0
9,demo_9,249,4.0,True,0.21754933893680573,0.0
10,demo_10,215,2.0,True,0.20949114859104156,0.0
11,demo_11,261,13.0,True,0.20285099744796753,0.0
12,demo_12,212,1.0,True,0.21037787199020386,0.0
13,demo_13,261,9.0,True,0.20635855197906494,0.0
14,demo_14,206,2.0,True,0.21215641498565674,0.0
15,demo_15,200,2.0,True,0.19862093031406403,0.0
16,demo_16,215,1.0,True,0.21641333401203156,0.0
17,demo_17,206,2.0,True,0.22079190611839294,0.0
18,demo_18,194,14.0,True,0.23013879358768463,0.0
19,demo_19,261,10.0,True,0.2061210572719574,0.0
20,demo_20,261,4.0,True,0.20918168127536774,0.0
21,demo_21,242,3.0,True,0.19964438676834106,0.0
22,demo_22,215,6.0,True,0.217232808470726,0.0
23,demo_23,215,2.0,True,0.22191065549850464,0.0
24,demo_24,261,7.0,True,0.21279758214950562,0.0
25,demo_25,215,5.0,True,0.2239707112312317,0.0
26,demo_26,200,3.0,True,0.20299334824085236,0.0
27,demo_27,249,9.0,True,0.21189585328102112,0.0
28,demo_28,233,4.0,True,0.22515299916267395,0.0
29,demo_29,261,8.0,True,0.20697179436683655,0.0
30,demo_30,215,1.0,True,0.2212141901254654,0.0
31,demo_31,261,7.0,True,0.2150808721780777,0.0
32,demo_32,200,6.0,True,0.21457496285438538,0.0
33,demo_33,261,7.0,True,0.21064993739128113,0.0
34,demo_34,233,4.0,True,0.21075496077537537,0.0
35,demo_35,200,5.0,True,0.22264814376831055,0.0
36,demo_36,194,12.0,True,0.2326105535030365,0.0
37,demo_37,200,1.0,True,0.21266412734985352,0.0
38,demo_38,249,5.0,True,0.20071657001972198,0.0
39,demo_39,206,1.0,True,0.21163973212242126,0.0
40,demo_40,200,7.0,True,0.19623561203479767,0.0
41,demo_41,206,2.0,True,0.21180523931980133,0.0
42,demo_42,233,4.0,True,0.22036127746105194,0.0
43,demo_43,215,6.0,True,0.220977783203125,0.0
44,demo_44,249,4.0,True,0.22283299267292023,0.0
45,demo_45,194,6.0,True,0.22131457924842834,0.0
46,demo_46,212,8.0,True,0.19753485918045044,0.0
47,demo_47,212,7.0,True,0.21133305132389069,0.0
48,demo_48,233,5.0,True,0.22090639173984528,0.0
49,demo_49,242,1.0,True,0.20248666405677795,0.0
50,demo_50,215,6.0,True,0.206877201795578,0.0
51,demo_51,215,5.0,True,0.21615128219127655,0.0
52,demo_52,215,8.0,True,0.21542982757091522,0.0
53,demo_53,206,1.0,True,0.222936749458313,0.0
54,demo_54,200,10.0,True,0.2060907632112503,0.0
55,demo_55,261,10.0,True,0.21251347661018372,0.0
56,demo_56,212,9.0,True,0.220930814743042,0.0
57,demo_57,233,5.0,True,0.22176100313663483,0.0
58,demo_58,206,4.0,True,0.21936559677124023,0.0
59,demo_59,200,5.0,True,0.1993146687746048,0.0
60,demo_60,233,5.0,True,0.21924959123134613,0.0
61,demo_61,194,14.0,True,0.21747182309627533,0.0
62,demo_62,206,5.0,True,0.21872510015964508,0.0
63,demo_63,261,8.0,True,0.20234383642673492,0.0
64,demo_64,194,10.0,True,0.22757567465305328,0.0
65,demo_65,261,8.0,True,0.20617669820785522,0.0
66,demo_66,249,4.0,True,0.21352414786815643,0.0
67,demo_67,215,6.0,True,0.2282758504152298,0.0
68,demo_68,233,3.0,True,0.21525849401950836,0.0
69,demo_69,233,8.0,True,0.2209538370370865,0.0
70,demo_70,215,3.0,True,0.2114185094833374,0.0
71,demo_71,212,2.0,True,0.21478882431983948,0.0
72,demo_72,261,8.0,True,0.21189017593860626,0.0
73,demo_73,242,4.0,True,0.20700465142726898,0.0
74,demo_74,206,4.0,True,0.21356230974197388,0.0
75,demo_75,206,2.0,True,0.23139600455760956,0.0
76,demo_76,200,7.0,True,0.22043655812740326,0.0
77,demo_77,233,5.0,True,0.22099599242210388,0.0
78,demo_78,215,4.0,True,0.21110183000564575,0.0
79,demo_79,215,1.0,True,0.22331219911575317,0.0
80,demo_80,194,2.0,True,0.22336749732494354,0.0
81,demo_81,212,3.0,True,0.21732507646083832,0.0
82,demo_82,212,11.0,True,0.2097252905368805,0.0
83,demo_83,215,2.0,True,0.21566814184188843,0.0
84,demo_84,261,4.0,True,0.2100962996482849,0.0
85,demo_85,215,3.0,True,0.21153023838996887,0.0
86,demo_86,233,10.0,True,0.2236853539943695,0.0
87,demo_87,233,5.0,True,0.22451961040496826,0.0
88,demo_88,261,11.0,True,0.20285266637802124,0.0
89,demo_89,194,12.0,True,0.2375219464302063,0.0
90,demo_90,242,3.0,True,0.20099909603595734,0.0
91,demo_91,249,3.0,True,0.21955686807632446,0.0
92,demo_92,200,6.0,True,0.20685133337974548,0.0
93,demo_93,249,4.0,True,0.20266009867191315,0.0
94,demo_94,215,7.0,True,0.21531976759433746,0.0
95,demo_95,215,2.0,True,0.22043664753437042,0.0
96,demo_96,261,7.0,True,0.21547375619411469,0.0
97,demo_97,242,4.0,True,0.2055571973323822,0.0
98,demo_98,206,6.0,True,0.2284846305847168,0.0
99,demo_99,212,3.0,True,0.22222748398780823,0.0
100,demo_100,215,5.0,True,0.21232685446739197,0.0
101,demo_101,212,5.0,True,0.2151312381029129,0.0
102,demo_102,215,6.0,True,0.21939852833747864,0.0
103,demo_103,200,5.0,True,0.20954012870788574,0.0
104,demo_104,215,17.0,True,0.22454994916915894,0.0
105,demo_105,215,5.0,True,0.20916152000427246,0.0
106,demo_106,261,5.0,True,0.2032097578048706,0.0
107,demo_107,200,5.0,True,0.21004976332187653,0.0
108,demo_108,215,4.0,True,0.22420217096805573,0.0
109,demo_109,206,6.0,True,0.21261639893054962,0.0
110,demo_110,261,7.0,True,0.20082353055477142,0.0
111,demo_111,249,3.0,True,0.2150355577468872,0.0
112,demo_112,249,9.0,True,0.21757088601589203,0.0
113,demo_113,261,10.0,True,0.20752422511577606,0.0
114,demo_114,194,10.0,True,0.22929304838180542,0.0
115,demo_115,242,4.0,True,0.2144479602575302,0.0
116,demo_116,215,2.0,True,0.2126583755016327,0.0
117,demo_117,233,6.0,True,0.22191056609153748,0.0
118,demo_118,261,4.0,True,0.20244207978248596,0.0
119,demo_119,200,4.0,True,0.21656523644924164,0.0
120,demo_120,242,4.0,True,0.20551331341266632,0.0
121,demo_121,242,6.0,True,0.20403540134429932,0.0
122,demo_122,242,4.0,True,0.2011566460132599,0.0
123,demo_123,233,5.0,True,0.22150936722755432,0.0
124,demo_124,200,7.0,True,0.2215714454650879,0.0
125,demo_125,242,4.0,True,0.20701925456523895,0.0
126,demo_126,261,9.0,True,0.20600201189517975,0.0
127,demo_127,233,4.0,True,0.21681439876556396,0.0
128,demo_128,249,4.0,True,0.2141389697790146,0.0
129,demo_129,194,12.0,True,0.23064042627811432,0.0
130,demo_130,242,4.0,True,0.21505120396614075,0.0
131,demo_131,200,7.0,True,0.20470750331878662,0.0
132,demo_132,206,1.0,True,0.22461964190006256,0.0
133,demo_133,194,4.0,True,0.22349083423614502,0.0
134,demo_134,212,11.0,True,0.22575309872627258,0.0
135,demo_135,200,7.0,True,0.20865659415721893,0.0
136,demo_136,206,7.0,True,0.2227770984172821,0.0
137,demo_137,194,7.0,True,0.2144688069820404,0.0
138,demo_138,242,2.0,True,0.20351460576057434,0.0
139,demo_139,194,9.0,True,0.23275606334209442,0.0
140,demo_140,233,7.0,True,0.22304262220859528,0.0
141,demo_141,242,4.0,True,0.22303423285484314,0.0
142,demo_142,249,7.0,True,0.2221449911594391,0.0
143,demo_143,212,12.0,True,0.21116843819618225,0.0
144,demo_144,194,12.0,True,0.22906064987182617,0.0
145,demo_145,215,4.0,True,0.2195882499217987,0.0
146,demo_146,212,4.0,True,0.20097285509109497,0.0
147,demo_147,194,13.0,True,0.21961110830307007,0.0
148,demo_148,206,7.0,True,0.21338540315628052,0.0
149,demo_149,233,5.0,True,0.2213006466627121,0.0
150,demo_150,212,2.0,True,0.21486565470695496,0.0
151,demo_151,233,5.0,True,0.20780879259109497,0.0
152,demo_152,233,5.0,True,0.2250383198261261,0.0
153,demo_153,261,9.0,True,0.20651410520076752,0.0
154,demo_154,233,6.0,True,0.21942658722400665,0.0
155,demo_155,200,7.0,True,0.20946508646011353,0.0
156,demo_156,200,7.0,True,0.22276361286640167,0.0
157,demo_157,212,13.0,True,0.21059823036193848,0.0
158,demo_158,233,5.0,True,0.21744617819786072,0.0
159,demo_159,215,6.0,True,0.2309173345565796,0.0
160,demo_160,242,1.0,True,0.21314208209514618,0.0
161,demo_161,242,2.0,True,0.2103932797908783,0.0
162,demo_162,233,6.0,True,0.22472648322582245,0.0
163,demo_163,242,4.0,True,0.20556548237800598,0.0
164,demo_164,212,8.0,True,0.22533105313777924,0.0
165,demo_165,200,6.0,True,0.20462913811206818,0.0
166,demo_166,215,18.0,True,0.21795932948589325,0.0
167,demo_167,200,7.0,True,0.2021104246377945,0.0
168,demo_168,261,7.0,True,0.21565598249435425,0.0
169,demo_169,233,2.0,True,0.22435928881168365,0.0
170,demo_170,233,5.0,True,0.21427302062511444,0.0
171,demo_171,206,1.0,True,0.2179948389530182,0.0
172,demo_172,194,2.0,True,0.24058710038661957,0.0
173,demo_173,233,3.0,True,0.21054764091968536,0.0
174,demo_174,194,11.0,True,0.23412421345710754,0.0
175,demo_175,206,5.0,True,0.20534920692443848,0.0
176,demo_176,194,8.0,True,0.22663532197475433,0.0
177,demo_177,212,12.0,True,0.2172006070613861,0.0
178,demo_178,212,5.0,True,0.21504439413547516,0.0
179,demo_179,215,3.0,True,0.2139977365732193,0.0
180,demo_180,261,12.0,True,0.22096040844917297,0.0
181,demo_181,194,2.0,True,0.24081487953662872,0.0
182,demo_182,249,4.0,True,0.21853314340114594,0.0
183,demo_183,200,5.0,True,0.20762477815151215,0.0
184,demo_184,215,14.0,True,0.21394045650959015,0.0
185,demo_185,261,4.0,True,0.2068028450012207,0.0
186,demo_186,261,2.0,True,0.2138226479291916,0.0
187,demo_187,212,2.0,True,0.2102786898612976,0.0
188,demo_188,194,8.0,True,0.22036494314670563,0.0
189,demo_189,233,4.0,True,0.21541908383369446,0.0
190,demo_190,233,5.0,True,0.22967179119586945,0.0
191,demo_191,233,7.0,True,0.2264886051416397,0.0
192,demo_192,249,10.0,True,0.21640518307685852,0.0
193,demo_193,206,2.0,True,0.2199646383523941,0.0
194,demo_194,261,9.0,True,0.21261563897132874,0.0
195,demo_195,249,3.0,True,0.22293739020824432,0.0
196,demo_196,200,5.0,True,0.21191535890102386,0.0
197,demo_197,212,4.0,True,0.2131870836019516,0.0
198,demo_198,233,4.0,True,0.22747230529785156,0.0
199,demo_199,200,7.0,True,0.20922452211380005,0.0
200,demo_200,212,12.0,True,0.22740964591503143,0.0
201,demo_201,206,1.0,True,0.23023472726345062,0.0
202,demo_202,215,3.0,True,0.2191971391439438,0.0
203,demo_203,194,2.0,True,0.2379014939069748,0.0
204,demo_204,261,5.0,True,0.20175981521606445,0.0
205,demo_205,212,1.0,True,0.21945670247077942,0.0
206,demo_206,215,3.0,True,0.21781714260578156,0.0
207,demo_207,249,3.0,True,0.21209752559661865,0.0
208,demo_208,242,2.0,True,0.1989164501428604,0.0
209,demo_209,194,0.0,False,0.23055849969387054,0.0
210,demo_210,261,11.0,True,0.211923748254776,0.0
211,demo_211,261,1.0,True,0.21135208010673523,0.0
212,demo_212,249,3.0,True,0.21170003712177277,0.0
213,demo_213,261,7.0,True,0.21410317718982697,0.0
214,demo_214,261,3.0,True,0.206461101770401,0.0
215,demo_215,233,6.0,True,0.22292985022068024,0.0
216,demo_216,233,5.0,True,0.22578410804271698,0.0
217,demo_217,200,3.0,True,0.20819006860256195,0.0
218,demo_218,194,11.0,True,0.23378930985927582,0.0
219,demo_219,215,12.0,True,0.21837490797042847,0.0
220,demo_220,215,8.0,True,0.21485957503318787,0.0
221,demo_221,233,6.0,True,0.2073749601840973,0.0
222,demo_222,206,8.0,True,0.2184688299894333,0.0
223,demo_223,233,4.0,True,0.21587930619716644,0.0
224,demo_224,215,4.0,True,0.21855053305625916,0.0
225,demo_225,233,5.0,True,0.21225403249263763,0.0
226,demo_226,249,9.0,True,0.22408276796340942,0.0
227,demo_227,200,6.0,True,0.21191281080245972,0.0
228,demo_228,212,9.0,True,0.21002815663814545,0.0
229,demo_229,212,4.0,True,0.21772436797618866,0.0
230,demo_230,200,5.0,True,0.21608780324459076,0.0
231,demo_231,194,8.0,True,0.23805056512355804,0.0
232,demo_232,206,2.0,True,0.2215917855501175,0.0
233,demo_233,206,1.0,True,0.21251927316188812,0.0
234,demo_234,212,6.0,True,0.22294941544532776,0.0
235,demo_235,233,5.0,True,0.22118565440177917,0.0
236,demo_236,261,10.0,True,0.21234875917434692,0.0
237,demo_237,194,11.0,True,0.23405978083610535,0.0
238,demo_238,261,9.0,True,0.2057221680879593,0.0
239,demo_239,215,4.0,True,0.20896944403648376,0.0
240,demo_240,242,2.0,True,0.21620550751686096,0.0
241,demo_241,200,5.0,True,0.2094563990831375,0.0
242,demo_242,261,8.0,True,0.21491464972496033,0.0
243,demo_243,233,6.0,True,0.22524060308933258,0.0
244,demo_244,261,8.0,True,0.20209252834320068,0.0
245,demo_245,200,7.0,True,0.21107228100299835,0.0
246,demo_246,215,6.0,True,0.22577759623527527,0.0
247,demo_247,206,4.0,True,0.22415462136268616,0.0
248,demo_248,194,12.0,True,0.22483688592910767,0.0
249,demo_249,206,4.0,True,0.22204460203647614,0.0
250,demo_250,194,15.0,True,0.24074207246303558,0.0
251,demo_251,261,10.0,True,0.21870754659175873,0.0
252,demo_252,194,8.0,True,0.23173950612545013,0.0
253,demo_253,194,9.0,True,0.24089010059833527,0.0
254,demo_254,212,12.0,True,0.20739339292049408,0.0
255,demo_255,261,8.0,True,0.20760609209537506,0.0
256,demo_256,194,13.0,True,0.23144863545894623,0.0
257,demo_257,194,14.0,True,0.24121548235416412,0.0
258,demo_258,200,0.0,False,0.2073608785867691,0.0
259,demo_259,194,14.0,True,0.23070921003818512,0.0
260,demo_260,242,4.0,True,0.21422889828681946,0.0
261,demo_261,249,3.0,True,0.21773868799209595,0.0
262,demo_262,233,6.0,True,0.21439772844314575,0.0
263,demo_263,233,5.0,True,0.2262330949306488,0.0
264,demo_264,212,7.0,True,0.21669335663318634,0.0
265,demo_265,215,1.0,True,0.20865997672080994,0.0
266,demo_266,242,5.0,True,0.2005344033241272,0.0
267,demo_267,233,8.0,True,0.22395779192447662,0.0
268,demo_268,242,4.0,True,0.21394500136375427,0.0
269,demo_269,249,11.0,True,0.21136093139648438,0.0
270,demo_270,194,1.0,True,0.23493187129497528,0.0
271,demo_271,206,3.0,True,0.20883695781230927,0.0
272,demo_272,242,1.0,True,0.2028658539056778,0.0
273,demo_273,200,7.0,True,0.21991188824176788,0.0
274,demo_274,194,9.0,True,0.221531480550766,0.0
275,demo_275,233,6.0,True,0.21338070929050446,0.0
276,demo_276,212,1.0,True,0.2064230740070343,0.0
277,demo_277,261,9.0,True,0.20853185653686523,0.0
278,demo_278,233,4.0,True,0.22013334929943085,0.0
279,demo_279,249,4.0,True,0.21018308401107788,0.0
280,demo_280,200,4.0,True,0.2069101780653,0.0
281,demo_281,261,9.0,True,0.21220916509628296,0.0
282,demo_282,194,12.0,True,0.22031515836715698,0.0
283,demo_283,242,3.0,True,0.21380485594272614,0.0
284,demo_284,233,5.0,True,0.21101416647434235,0.0
285,demo_285,206,8.0,True,0.2183215320110321,0.0
286,demo_286,233,8.0,True,0.22097843885421753,0.0
287,demo_287,215,5.0,True,0.2155543714761734,0.0
288,demo_288,215,5.0,True,0.21227340400218964,0.0
289,demo_289,212,11.0,True,0.21849486231803894,0.0
290,demo_290,194,10.0,True,0.22437798976898193,0.0
291,demo_291,215,2.0,True,0.1994466632604599,0.0
292,demo_292,249,7.0,True,0.21453331410884857,0.0
293,demo_293,194,8.0,True,0.2326219379901886,0.0
294,demo_294,206,2.0,True,0.20170418918132782,0.0
295,demo_295,215,3.0,True,0.21161505579948425,0.0
296,demo_296,261,4.0,True,0.21268947422504425,0.0
297,demo_297,261,5.0,True,0.20958058536052704,0.0
298,demo_298,249,7.0,True,0.20602838695049286,0.0
299,demo_299,200,3.0,True,0.20778921246528625,0.0
300,demo_300,212,3.0,True,0.2055363953113556,0.0
301,demo_301,212,1.0,True,0.2126021832227707,0.0
302,demo_302,212,4.0,True,0.20962348580360413,0.0
303,demo_303,233,6.0,True,0.2221805602312088,0.0
304,demo_304,215,3.0,True,0.2222442775964737,0.0
305,demo_305,233,6.0,True,0.21943062543869019,0.0
306,demo_306,261,14.0,True,0.21963676810264587,0.0
307,demo_307,233,5.0,True,0.22438953816890717,0.0
308,demo_308,194,10.0,True,0.24206547439098358,0.0
309,demo_309,233,5.0,True,0.22180280089378357,0.0
310,demo_310,233,5.0,True,0.22659733891487122,0.0
311,demo_311,212,5.0,True,0.21106578409671783,0.0
312,demo_312,261,4.0,True,0.19575104117393494,0.0
313,demo_313,200,4.0,True,0.21645094454288483,0.0
314,demo_314,206,2.0,True,0.2258240282535553,0.0
315,demo_315,194,9.0,True,0.23705655336380005,0.0
316,demo_316,206,9.0,True,0.21932731568813324,0.0
317,demo_317,249,6.0,True,0.2082856297492981,0.0
318,demo_318,242,6.0,True,0.20659704506397247,0.0
319,demo_319,200,7.0,True,0.21817275881767273,0.0
320,demo_320,261,14.0,True,0.20446781814098358,0.0
321,demo_321,194,7.0,True,0.24441762268543243,0.0
322,demo_322,233,8.0,True,0.21694518625736237,0.0
323,demo_323,233,6.0,True,0.212654709815979,0.0
324,demo_324,206,6.0,True,0.2240704745054245,0.0
325,demo_325,194,2.0,True,0.24482667446136475,0.0
326,demo_326,206,1.0,True,0.21428200602531433,0.0
327,demo_327,242,8.0,True,0.21362943947315216,0.0
328,demo_328,200,7.0,True,0.22073176503181458,0.0
329,demo_329,200,5.0,True,0.2107372134923935,0.0
330,demo_330,233,4.0,True,0.2128462791442871,0.0
331,demo_331,261,11.0,True,0.21965532004833221,0.0
332,demo_332,194,3.0,True,0.2307109534740448,0.0
333,demo_333,206,6.0,True,0.22049805521965027,0.0
334,demo_334,200,8.0,True,0.20246165990829468,0.0
335,demo_335,242,1.0,True,0.20401304960250854,0.0
336,demo_336,261,10.0,True,0.20901253819465637,0.0
337,demo_337,200,6.0,True,0.22418342530727386,0.0
338,demo_338,249,6.0,True,0.21602007746696472,0.0
339,demo_339,206,5.0,True,0.2273048609495163,0.0
340,demo_340,233,5.0,True,0.21994028985500336,0.0
341,demo_341,242,6.0,True,0.22038772702217102,0.0
342,demo_342,249,9.0,True,0.21345029771327972,0.0
343,demo_343,215,4.0,True,0.21459615230560303,0.0
344,demo_344,194,11.0,True,0.2264564037322998,0.0
345,demo_345,233,5.0,True,0.2240186631679535,0.0
346,demo_346,215,16.0,True,0.20610371232032776,0.0
347,demo_347,233,7.0,True,0.2215011566877365,0.0
348,demo_348,261,8.0,True,0.20634768903255463,0.0
349,demo_349,212,6.0,True,0.2040935754776001,0.0
350,demo_350,206,7.0,True,0.22690020501613617,0.0
351,demo_351,200,5.0,True,0.20595408976078033,0.0
352,demo_352,212,5.0,True,0.2249787300825119,0.0
353,demo_353,200,6.0,True,0.21617338061332703,0.0
354,demo_354,215,4.0,True,0.2138289362192154,0.0
355,demo_355,249,4.0,True,0.21094174683094025,0.0
356,demo_356,200,5.0,True,0.20759797096252441,0.0
357,demo_357,233,5.0,True,0.22351349890232086,0.0
358,demo_358,206,7.0,True,0.21453805267810822,0.0
359,demo_359,212,12.0,True,0.19957414269447327,0.0
360,demo_360,200,5.0,True,0.21170657873153687,0.0
361,demo_361,242,7.0,True,0.19931714236736298,0.0
362,demo_362,212,5.0,True,0.2041397988796234,0.0
363,demo_363,261,8.0,True,0.2100750058889389,0.0
364,demo_364,261,12.0,True,0.20170529186725616,0.0
365,demo_365,212,13.0,True,0.20276649296283722,0.0
366,demo_366,194,13.0,True,0.215395987033844,0.0
367,demo_367,215,8.0,True,0.21479961276054382,0.0
368,demo_368,261,12.0,True,0.21186861395835876,0.0
369,demo_369,242,2.0,True,0.2056359499692917,0.0
370,demo_370,200,8.0,True,0.21573270857334137,0.0
371,demo_371,261,9.0,True,0.21363678574562073,0.0
372,demo_372,212,9.0,True,0.22196237742900848,0.0
373,demo_373,215,4.0,True,0.2224067747592926,0.0
374,demo_374,215,5.0,True,0.21522729098796844,0.0
375,demo_375,261,5.0,True,0.2098122239112854,0.0
376,demo_376,261,1.0,True,0.20949113368988037,0.0
377,demo_377,233,5.0,True,0.22238372266292572,0.0
378,demo_378,206,1.0,True,0.20268599689006805,0.0
379,demo_379,194,13.0,True,0.23233981430530548,0.0
380,demo_380,206,7.0,True,0.22160670161247253,0.0
381,demo_381,242,3.0,True,0.20640181005001068,0.0
382,demo_382,261,5.0,True,0.2148691862821579,0.0
383,demo_383,233,4.0,True,0.22145099937915802,0.0
384,demo_384,215,15.0,True,0.2137335240840912,0.0
385,demo_385,212,8.0,True,0.21476659178733826,0.0
386,demo_386,200,7.0,True,0.21195949614048004,0.0
387,demo_387,212,4.0,True,0.22216551005840302,0.0
388,demo_388,206,4.0,True,0.2224687933921814,0.0
389,demo_389,233,4.0,True,0.2127005159854889,0.0
390,demo_390,233,5.0,True,0.2250390201807022,0.0
391,demo_391,212,3.0,True,0.20813816785812378,0.0
392,demo_392,215,8.0,True,0.21500885486602783,0.0
393,demo_393,233,6.0,True,0.20913437008857727,0.0
394,demo_394,261,4.0,True,0.21552729606628418,0.0
395,demo_395,194,12.0,True,0.2321731448173523,0.0
396,demo_396,261,7.0,True,0.20998577773571014,0.0
397,demo_397,261,7.0,True,0.21928662061691284,0.0
398,demo_398,200,6.0,True,0.20626100897789001,0.0
399,demo_399,206,3.0,True,0.2226477712392807,0.0
400,demo_400,249,7.0,True,0.22526507079601288,0.0
401,demo_401,261,8.0,True,0.2142394632101059,0.0
402,demo_402,194,1.0,True,0.21772122383117676,0.0
403,demo_403,194,9.0,True,0.2427709847688675,0.0
404,demo_404,212,14.0,True,0.21566520631313324,0.0
405,demo_405,215,10.0,True,0.2232712060213089,0.0
406,demo_406,261,4.0,True,0.2020930051803589,0.0
407,demo_407,261,9.0,True,0.20829668641090393,0.0
408,demo_408,194,5.0,True,0.24320003390312195,0.0
409,demo_409,200,8.0,True,0.20813824236392975,0.0
410,demo_410,200,5.0,True,0.21762940287590027,0.0
411,demo_411,233,5.0,True,0.21957002580165863,0.0
412,demo_412,233,8.0,True,0.21304884552955627,0.0
413,demo_413,233,5.0,True,0.2130175232887268,0.0
414,demo_414,233,2.0,True,0.2152174562215805,0.0
415,demo_415,233,4.0,True,0.22777751088142395,0.0
416,demo_416,215,1.0,True,0.2278885543346405,0.0
417,demo_417,215,6.0,True,0.20920725166797638,0.0
418,demo_418,249,6.0,True,0.22594431042671204,0.0
419,demo_419,242,1.0,True,0.2162737250328064,0.0
420,demo_420,212,4.0,True,0.21839794516563416,0.0
421,demo_421,194,11.0,True,0.24561139941215515,0.0
422,demo_422,233,6.0,True,0.20829805731773376,0.0
423,demo_423,194,13.0,True,0.23492953181266785,0.0
424,demo_424,242,2.0,True,0.21246230602264404,0.0
425,demo_425,249,2.0,True,0.2229330837726593,0.0
426,demo_426,242,3.0,True,0.21416988968849182,0.0
427,demo_427,194,10.0,True,0.2346629798412323,0.0
428,demo_428,249,5.0,True,0.21813872456550598,0.0
429,demo_429,200,8.0,True,0.21714381873607635,0.0
430,demo_430,261,5.0,True,0.20940226316452026,0.0
431,demo_431,233,3.0,True,0.22099396586418152,0.0
432,demo_432,215,3.0,True,0.21240542829036713,0.0
433,demo_433,206,5.0,True,0.22394710779190063,0.0
434,demo_434,242,4.0,True,0.20359495282173157,0.0
435,demo_435,233,5.0,True,0.22641897201538086,0.0
436,demo_436,261,4.0,True,0.2083090841770172,0.0
437,demo_437,261,6.0,True,0.21804344654083252,0.0
438,demo_438,233,7.0,True,0.21796344220638275,0.0
439,demo_439,206,6.0,True,0.23198220133781433,0.0
440,demo_440,200,6.0,True,0.21189801394939423,0.0
441,demo_441,215,7.0,True,0.21451129019260406,0.0
442,demo_442,212,3.0,True,0.21912343800067902,0.0
443,demo_443,206,6.0,True,0.21809536218643188,0.0
444,demo_444,200,6.0,True,0.20601432025432587,0.0
445,demo_445,261,11.0,True,0.215204656124115,0.0
446,demo_446,242,6.0,True,0.20586848258972168,0.0
447,demo_447,206,5.0,True,0.2302151918411255,0.0
448,demo_448,212,12.0,True,0.2136746495962143,0.0
449,demo_449,212,5.0,True,0.2082531452178955,0.0
450,demo_450,206,9.0,True,0.22618664801120758,0.0
451,demo_451,215,9.0,True,0.20801736414432526,0.0
452,demo_452,194,7.0,True,0.23653806746006012,0.0
453,demo_453,233,5.0,True,0.21744820475578308,0.0
454,demo_454,212,3.0,True,0.2082638442516327,0.0
455,demo_455,215,2.0,True,0.21169865131378174,0.0
456,demo_456,200,9.0,True,0.20335346460342407,0.0
457,demo_457,212,6.0,True,0.2220531702041626,0.0
458,demo_458,242,5.0,True,0.21459008753299713,0.0
459,demo_459,212,4.0,True,0.21766069531440735,0.0
460,demo_460,212,6.0,True,0.22008894383907318,0.0
461,demo_461,242,1.0,True,0.2129841148853302,0.0
462,demo_462,261,9.0,True,0.21895045042037964,0.0
463,demo_463,194,6.0,True,0.2230103462934494,0.0
464,demo_464,200,6.0,True,0.21147656440734863,0.0
465,demo_465,206,6.0,True,0.21819177269935608,0.0
466,demo_466,233,6.0,True,0.22012603282928467,0.0
467,demo_467,194,12.0,True,0.23330816626548767,0.0
468,demo_468,215,5.0,True,0.22885648906230927,0.0
469,demo_469,215,6.0,True,0.22126315534114838,0.0
470,demo_470,261,8.0,True,0.20852729678153992,0.0
471,demo_471,200,6.0,True,0.207991361618042,0.0
472,demo_472,242,6.0,True,0.21147280931472778,0.0
473,demo_473,233,7.0,True,0.21431460976600647,0.0
474,demo_474,233,5.0,True,0.21722422540187836,0.0
475,demo_475,261,10.0,True,0.20391012728214264,0.0
476,demo_476,215,8.0,True,0.2021448314189911,0.0
477,demo_477,200,4.0,True,0.2020246386528015,0.0
478,demo_478,242,3.0,True,0.21781466901302338,0.0
479,demo_479,261,6.0,True,0.21377795934677124,0.0
480,demo_480,233,5.0,True,0.21792592108249664,0.0
481,demo_481,261,3.0,True,0.2023475021123886,0.0
482,demo_482,212,1.0,True,0.21551305055618286,0.0
483,demo_483,249,6.0,True,0.2137233018875122,0.0
484,demo_484,233,5.0,True,0.21421155333518982,0.0
485,demo_485,261,8.0,True,0.19858725368976593,0.0
486,demo_486,206,6.0,True,0.21619558334350586,0.0
487,demo_487,242,3.0,True,0.2082592397928238,0.0
488,demo_488,233,9.0,True,0.23051176965236664,0.0
489,demo_489,261,10.0,True,0.21165072917938232,0.0
490,demo_490,233,5.0,True,0.21122971177101135,0.0
491,demo_491,261,6.0,True,0.20733891427516937,0.0
492,demo_492,194,14.0,True,0.24314022064208984,0.0
493,demo_493,215,7.0,True,0.2108864188194275,0.0
494,demo_494,233,5.0,True,0.2244764268398285,0.0
495,demo_495,194,10.0,True,0.2214249074459076,0.0
496,demo_496,261,3.0,True,0.2133142054080963,0.0
497,demo_497,212,9.0,True,0.21211270987987518,0.0
498,demo_498,242,3.0,True,0.20578812062740326,0.0
499,demo_499,233,5.0,True,0.21319268643856049,0.0
500,demo_500,233,5.0,True,0.21547771990299225,0.0
501,demo_501,242,9.0,True,0.2158088982105255,0.0
502,demo_502,233,2.0,True,0.22073140740394592,0.0
503,demo_503,249,6.0,True,0.21223130822181702,0.0
504,demo_504,233,6.0,True,0.21408827602863312,0.0
505,demo_505,212,4.0,True,0.21373386681079865,0.0
506,demo_506,233,5.0,True,0.22019538283348083,0.0
507,demo_507,233,6.0,True,0.22159284353256226,0.0
508,demo_508,261,7.0,True,0.21235045790672302,0.0
509,demo_509,194,10.0,True,0.2378758043050766,0.0
510,demo_510,249,8.0,True,0.20669850707054138,0.0
511,demo_511,212,6.0,True,0.20966312289237976,0.0
512,demo_512,249,3.0,True,0.22321808338165283,0.0
513,demo_513,249,4.0,True,0.21678678691387177,0.0
514,demo_514,200,2.0,True,0.20411908626556396,0.0
515,demo_515,215,3.0,True,0.22773753106594086,0.0
516,demo_516,233,6.0,True,0.2275652438402176,0.0
517,demo_517,249,4.0,True,0.21113590896129608,0.0
518,demo_518,233,5.0,True,0.22457335889339447,0.0
519,demo_519,233,3.0,True,0.21396668255329132,0.0
520,demo_520,249,5.0,True,0.21779869496822357,0.0
521,demo_521,261,6.0,True,0.2069811373949051,0.0
522,demo_522,194,12.0,True,0.24383042752742767,0.0
523,demo_523,261,7.0,True,0.20385167002677917,0.0
524,demo_524,261,4.0,True,0.2024976760149002,0.0
525,demo_525,233,9.0,True,0.208199143409729,0.0
526,demo_526,212,7.0,True,0.21852263808250427,0.0
527,demo_527,215,5.0,True,0.21392640471458435,0.0
528,demo_528,212,9.0,True,0.20522619783878326,0.0
529,demo_529,249,4.0,True,0.22127731144428253,0.0
530,demo_530,215,4.0,True,0.2097325176000595,0.0
531,demo_531,212,6.0,True,0.20922768115997314,0.0
532,demo_532,212,8.0,True,0.2140636146068573,0.0
533,demo_533,261,9.0,True,0.2094157338142395,0.0
534,demo_534,212,12.0,True,0.2060149908065796,0.0
535,demo_535,233,6.0,True,0.22326508164405823,0.0
536,demo_536,212,6.0,True,0.20598943531513214,0.0
537,demo_537,233,6.0,True,0.22231362760066986,0.0
538,demo_538,242,1.0,True,0.21198010444641113,0.0
539,demo_539,215,6.0,True,0.2089994251728058,0.0
540,demo_540,212,2.0,True,0.21468161046504974,0.0
541,demo_541,261,7.0,True,0.20979127287864685,0.0
542,demo_542,206,3.0,True,0.2194511443376541,0.0
543,demo_543,233,6.0,True,0.22127628326416016,0.0
544,demo_544,261,4.0,True,0.2093074470758438,0.0
545,demo_545,242,3.0,True,0.20351408421993256,0.0
546,demo_546,194,13.0,True,0.23636125028133392,0.0
547,demo_547,233,11.0,True,0.2260676920413971,0.0
548,demo_548,249,6.0,True,0.22315256297588348,0.0
549,demo_549,206,2.0,True,0.22925615310668945,0.0
550,demo_550,261,7.0,True,0.2153296321630478,0.0
551,demo_551,261,7.0,True,0.21310295164585114,0.0
552,demo_552,212,5.0,True,0.20633694529533386,0.0
553,demo_553,233,6.0,True,0.21270984411239624,0.0
554,demo_554,261,7.0,True,0.20794066786766052,0.0
555,demo_555,242,6.0,True,0.20586498081684113,0.0
556,demo_556,215,1.0,True,0.21927402913570404,0.0
557,demo_557,261,10.0,True,0.21453049778938293,0.0
558,demo_558,212,3.0,True,0.21296387910842896,0.0
559,demo_559,261,8.0,True,0.21206516027450562,0.0
560,demo_560,212,1.0,True,0.21700182557106018,0.0
561,demo_561,233,8.0,True,0.21326972544193268,0.0
562,demo_562,194,10.0,True,0.2319040596485138,0.0
563,demo_563,215,3.0,True,0.20941261947155,0.0
564,demo_564,242,4.0,True,0.20549389719963074,0.0
565,demo_565,215,7.0,True,0.21948623657226562,0.0
566,demo_566,249,5.0,True,0.21834538877010345,0.0
567,demo_567,261,5.0,True,0.20510049164295197,0.0
568,demo_568,249,5.0,True,0.21534165740013123,0.0
569,demo_569,194,3.0,True,0.22375093400478363,0.0
570,demo_570,261,7.0,True,0.2091192901134491,0.0
571,demo_571,261,6.0,True,0.21205823123455048,0.0
572,demo_572,212,3.0,True,0.21486562490463257,0.0
573,demo_573,215,4.0,True,0.22945034503936768,0.0
574,demo_574,215,2.0,True,0.21912284195423126,0.0
575,demo_575,261,4.0,True,0.21472661197185516,0.0
576,demo_576,215,3.0,True,0.2140379250049591,0.0
577,demo_577,233,7.0,True,0.21851752698421478,0.0
578,demo_578,215,4.0,True,0.21717844903469086,0.0
579,demo_579,261,8.0,True,0.21301157772541046,0.0
580,demo_580,261,14.0,True,0.21530781686306,0.0
581,demo_581,200,0.0,False,0.21152034401893616,0.0
582,demo_582,215,3.0,True,0.21458624303340912,0.0
583,demo_583,194,12.0,True,0.2351674884557724,0.0
584,demo_584,242,4.0,True,0.20863568782806396,0.0
585,demo_585,215,4.0,True,0.20943911373615265,0.0
586,demo_586,215,7.0,True,0.22473372519016266,0.0
587,demo_587,233,7.0,True,0.22279971837997437,0.0
588,demo_588,261,12.0,True,0.21027247607707977,0.0
589,demo_589,261,5.0,True,0.20201286673545837,0.0
590,demo_590,206,2.0,True,0.22677995264530182,0.0
591,demo_591,215,3.0,True,0.21901899576187134,0.0
592,demo_592,215,1.0,True,0.21676044166088104,0.0
593,demo_593,242,3.0,True,0.2063496857881546,0.0
594,demo_594,194,7.0,True,0.21813514828681946,0.0
595,demo_595,212,8.0,True,0.2025298774242401,0.0
596,demo_596,242,3.0,True,0.19939808547496796,0.0
597,demo_597,212,4.0,True,0.20984302461147308,0.0
598,demo_598,261,13.0,True,0.21291567385196686,0.0
599,demo_599,194,12.0,True,0.23138372600078583,0.0
600,demo_600,215,2.0,True,0.2061644047498703,0.0
601,demo_601,212,3.0,True,0.21786347031593323,0.0
602,demo_602,212,5.0,True,0.21578601002693176,0.0
603,demo_603,194,10.0,True,0.22687695920467377,0.0
604,demo_604,215,1.0,True,0.2045861929655075,0.0
605,demo_605,233,5.0,True,0.2103729397058487,0.0
606,demo_606,261,6.0,True,0.20043791830539703,0.0
607,demo_607,215,5.0,True,0.199644535779953,0.0
608,demo_608,233,10.0,True,0.23173463344573975,0.0
609,demo_609,206,6.0,True,0.22046244144439697,0.0
610,demo_610,261,8.0,True,0.20326752960681915,0.0
611,demo_611,194,12.0,True,0.22933852672576904,0.0
612,demo_612,212,6.0,True,0.21843306720256805,0.0
613,demo_613,215,7.0,True,0.2166338711977005,0.0
614,demo_614,242,4.0,True,0.20249859988689423,0.0
615,demo_615,215,6.0,True,0.227975994348526,0.0
616,demo_616,212,3.0,True,0.21018454432487488,0.0
617,demo_617,233,5.0,True,0.22293660044670105,0.0
618,demo_618,233,4.0,True,0.22259874641895294,0.0
619,demo_619,206,5.0,True,0.20580072700977325,0.0
620,demo_620,233,8.0,True,0.2202807515859604,0.0
621,demo_621,233,6.0,True,0.21868710219860077,0.0
622,demo_622,194,12.0,True,0.23098042607307434,0.0
623,demo_623,200,9.0,True,0.21233361959457397,0.0
624,demo_624,249,4.0,True,0.2108428031206131,0.0
625,demo_625,194,14.0,True,0.23791804909706116,0.0
626,demo_626,261,4.0,True,0.2060396373271942,0.0
627,demo_627,200,5.0,True,0.20873866975307465,0.0
628,demo_628,212,5.0,True,0.21153953671455383,0.0
629,demo_629,206,2.0,True,0.21643546223640442,0.0
630,demo_630,200,6.0,True,0.21381205320358276,0.0
631,demo_631,200,7.0,True,0.21599739789962769,0.0
632,demo_632,194,9.0,True,0.2316732108592987,0.0
633,demo_633,194,1.0,True,0.22039873898029327,0.0
634,demo_634,233,5.0,True,0.22439198195934296,0.0
635,demo_635,261,11.0,True,0.21013526618480682,0.0
636,demo_636,249,7.0,True,0.21755525469779968,0.0
637,demo_637,261,12.0,True,0.21352067589759827,0.0
638,demo_638,215,9.0,True,0.22278882563114166,0.0
639,demo_639,242,6.0,True,0.2141323983669281,0.0
640,demo_640,212,10.0,True,0.20670121908187866,0.0
641,demo_641,233,6.0,True,0.22340843081474304,0.0
642,demo_642,215,3.0,True,0.22405236959457397,0.0
643,demo_643,194,12.0,True,0.22386379539966583,0.0
644,demo_644,249,4.0,True,0.21694715321063995,0.0
645,demo_645,194,9.0,True,0.23014625906944275,0.0
646,demo_646,249,7.0,True,0.2129247784614563,0.0
647,demo_647,215,9.0,True,0.22468148171901703,0.0
648,demo_648,206,5.0,True,0.22849896550178528,0.0
649,demo_649,206,4.0,True,0.22782057523727417,0.0
650,demo_650,212,5.0,True,0.223032146692276,0.0
651,demo_651,233,9.0,True,0.2108144760131836,0.0
652,demo_652,212,9.0,True,0.2119845598936081,0.0
653,demo_653,200,3.0,True,0.21578891575336456,0.0
654,demo_654,194,5.0,True,0.22297801077365875,0.0
655,demo_655,215,6.0,True,0.20945954322814941,0.0
656,demo_656,200,4.0,True,0.21474286913871765,0.0
657,demo_657,194,12.0,True,0.23613546788692474,0.0
658,demo_658,249,4.0,True,0.21667711436748505,0.0
659,demo_659,249,6.0,True,0.2199072390794754,0.0
660,demo_660,194,10.0,True,0.21363727748394012,0.0
661,demo_661,261,4.0,True,0.20501038432121277,0.0
662,demo_662,233,1.0,True,0.21395495533943176,0.0
663,demo_663,194,11.0,True,0.23240292072296143,0.0
664,demo_664,233,4.0,True,0.2094552367925644,0.0
665,demo_665,206,6.0,True,0.22653846442699432,0.0
666,demo_666,261,7.0,True,0.21246354281902313,0.0
667,demo_667,212,4.0,True,0.2166789323091507,0.0
668,demo_668,261,5.0,True,0.2161092907190323,0.0
669,demo_669,261,12.0,True,0.204880028963089,0.0
670,demo_670,233,5.0,True,0.22169266641139984,0.0
671,demo_671,261,7.0,True,0.20528578758239746,0.0
672,demo_672,233,5.0,True,0.22314082086086273,0.0
673,demo_673,261,10.0,True,0.21167714893817902,0.0
674,demo_674,200,5.0,True,0.2145632952451706,0.0
675,demo_675,215,3.0,True,0.20992140471935272,0.0
676,demo_676,215,9.0,True,0.21059341728687286,0.0
677,demo_677,242,3.0,True,0.20823803544044495,0.0
678,demo_678,194,1.0,True,0.2423267811536789,0.0
679,demo_679,206,2.0,True,0.2269158512353897,0.0
680,demo_680,194,7.0,True,0.234744593501091,0.0
681,demo_681,194,12.0,True,0.2364109754562378,0.0
682,demo_682,261,2.0,True,0.2081122100353241,0.0
683,demo_683,215,3.0,True,0.2170068323612213,0.0
684,demo_684,194,2.0,True,0.23758547008037567,0.0
685,demo_685,233,7.0,True,0.2166476845741272,0.0
686,demo_686,242,3.0,True,0.2073422521352768,0.0
687,demo_687,249,4.0,True,0.20587074756622314,0.0
688,demo_688,194,11.0,True,0.22001288831233978,0.0
689,demo_689,261,1.0,True,0.2097216546535492,0.0
690,demo_690,206,4.0,True,0.22246018052101135,0.0
691,demo_691,194,8.0,True,0.23724965751171112,0.0
692,demo_692,233,4.0,True,0.21645309031009674,0.0
693,demo_693,212,8.0,True,0.2030438929796219,0.0
694,demo_694,261,11.0,True,0.21194419264793396,0.0
695,demo_695,194,8.0,True,0.23090501129627228,0.0
696,demo_696,233,3.0,True,0.22068680822849274,0.0
697,demo_697,261,13.0,True,0.2118796706199646,0.0
698,demo_698,212,2.0,True,0.22117510437965393,0.0
699,demo_699,261,12.0,True,0.20585878193378448,0.0
700,demo_700,212,15.0,True,0.20789805054664612,0.0
701,demo_701,212,5.0,True,0.2128412127494812,0.0
702,demo_702,249,3.0,True,0.22269830107688904,0.0
703,demo_703,215,5.0,True,0.22730779647827148,0.0
704,demo_704,233,6.0,True,0.22685886919498444,0.0
705,demo_705,249,7.0,True,0.22900165617465973,0.0
706,demo_706,215,7.0,True,0.20653124153614044,0.0
707,demo_707,242,5.0,True,0.21628741919994354,0.0
708,demo_708,233,4.0,True,0.215190127491951,0.0
709,demo_709,206,6.0,True,0.21116994321346283,0.0
710,demo_710,233,5.0,True,0.22224681079387665,0.0
711,demo_711,194,11.0,True,0.23480549454689026,0.0
712,demo_712,212,4.0,True,0.2058548480272293,0.0
713,demo_713,261,6.0,True,0.21603363752365112,0.0
714,demo_714,215,3.0,True,0.2175845503807068,0.0
715,demo_715,212,5.0,True,0.2120097577571869,0.0
716,demo_716,206,5.0,True,0.21259695291519165,0.0
717,demo_717,261,9.0,True,0.20971731841564178,0.0
718,demo_718,233,5.0,True,0.22317199409008026,0.0
719,demo_719,215,1.0,True,0.21325527131557465,0.0
720,demo_720,233,6.0,True,0.21830056607723236,0.0
721,demo_721,206,5.0,True,0.2200508862733841,0.0
722,demo_722,233,5.0,True,0.21955202519893646,0.0
723,demo_723,200,6.0,True,0.2092968374490738,0.0
724,demo_724,194,6.0,True,0.22562265396118164,0.0
725,demo_725,242,6.0,True,0.19886565208435059,0.0
726,demo_726,261,13.0,True,0.21263015270233154,0.0
727,demo_727,233,5.0,True,0.22592824697494507,0.0
728,demo_728,242,3.0,True,0.20880970358848572,0.0
729,demo_729,206,3.0,True,0.22147518396377563,0.0
730,demo_730,194,8.0,True,0.2261664867401123,0.0
731,demo_731,212,14.0,True,0.21439632773399353,0.0
732,demo_732,261,15.0,True,0.20586246252059937,0.0
733,demo_733,194,8.0,True,0.2121715247631073,0.0
734,demo_734,200,8.0,True,0.2054283171892166,0.0
735,demo_735,206,5.0,True,0.2276914268732071,0.0
736,demo_736,200,5.0,True,0.2158014178276062,0.0
737,demo_737,194,14.0,True,0.23326009511947632,0.0
738,demo_738,233,6.0,True,0.2119164913892746,0.0
739,demo_739,194,4.0,True,0.21811829507350922,0.0
740,demo_740,249,2.0,True,0.22132070362567902,0.0
741,demo_741,206,9.0,True,0.2292039841413498,0.0
742,demo_742,261,7.0,True,0.2043503373861313,0.0
743,demo_743,200,7.0,True,0.20368459820747375,0.0
744,demo_744,233,6.0,True,0.2264653593301773,0.0
745,demo_745,215,1.0,True,0.20299173891544342,0.0
746,demo_746,194,12.0,True,0.2385711669921875,0.0
747,demo_747,242,4.0,True,0.21442590653896332,0.0
748,demo_748,212,10.0,True,0.20369821786880493,0.0
749,demo_749,233,6.0,True,0.21645218133926392,0.0
750,demo_750,233,6.0,True,0.2121690809726715,0.0
751,demo_751,261,6.0,True,0.2006986439228058,0.0
752,demo_752,215,5.0,True,0.21410848200321198,0.0
753,demo_753,261,4.0,True,0.20876279473304749,0.0
754,demo_754,200,6.0,True,0.2101859152317047,0.0
755,demo_755,233,5.0,True,0.21742603182792664,0.0
756,demo_756,194,10.0,True,0.23939090967178345,0.0
757,demo_757,215,4.0,True,0.21487918496131897,0.0
758,demo_758,212,10.0,True,0.21513822674751282,0.0
759,demo_759,206,0.0,False,0.2126319706439972,0.0
760,demo_760,206,2.0,True,0.23070944845676422,0.0
761,demo_761,249,2.0,True,0.22230590879917145,0.0
762,demo_762,200,7.0,True,0.2128485143184662,0.0
763,demo_763,194,11.0,True,0.22072923183441162,0.0
764,demo_764,242,5.0,True,0.2044111043214798,0.0
765,demo_765,233,5.0,True,0.2253742665052414,0.0
766,demo_766,249,4.0,True,0.20913411676883698,0.0
767,demo_767,206,5.0,True,0.226779505610466,0.0
768,demo_768,233,6.0,True,0.23033741116523743,0.0
769,demo_769,215,3.0,True,0.20634181797504425,0.0
770,demo_770,194,16.0,True,0.2254415899515152,0.0
771,demo_771,200,7.0,True,0.209962859749794,0.0
772,demo_772,215,6.0,True,0.21509625017642975,0.0
773,demo_773,249,7.0,True,0.21593014895915985,0.0
774,demo_774,242,1.0,True,0.20864896476268768,0.0
775,demo_775,212,5.0,True,0.2201249599456787,0.0
776,demo_776,233,4.0,True,0.22816504538059235,0.0
777,demo_777,200,6.0,True,0.2147696167230606,0.0
778,demo_778,215,4.0,True,0.2097392976284027,0.0
779,demo_779,206,3.0,True,0.2169521003961563,0.0
780,demo_780,206,2.0,True,0.2214386761188507,0.0
781,demo_781,233,5.0,True,0.22133219242095947,0.0
782,demo_782,215,4.0,True,0.2089628428220749,0.0
783,demo_783,233,3.0,True,0.2139972746372223,0.0
784,demo_784,261,10.0,True,0.20429538190364838,0.0
785,demo_785,200,4.0,True,0.206206277012825,0.0
786,demo_786,194,9.0,True,0.2477530986070633,0.0
787,demo_787,212,13.0,True,0.22862084209918976,0.0
788,demo_788,206,6.0,True,0.22171932458877563,0.0
789,demo_789,233,5.0,True,0.2133656144142151,0.0
790,demo_790,212,5.0,True,0.2090100347995758,0.0
791,demo_791,215,4.0,True,0.2233259230852127,0.0
792,demo_792,194,7.0,True,0.24038328230381012,0.0
793,demo_793,194,9.0,True,0.228912353515625,0.0
794,demo_794,215,3.0,True,0.22087585926055908,0.0
795,demo_795,206,3.0,True,0.22235509753227234,0.0
796,demo_796,242,2.0,True,0.21235226094722748,0.0
797,demo_797,242,2.0,True,0.21202698349952698,0.0
798,demo_798,194,11.0,True,0.2274794578552246,0.0
799,demo_799,200,3.0,True,0.20273160934448242,0.0
800,demo_800,194,8.0,True,0.22283975780010223,0.0
801,demo_801,194,12.0,True,0.22175689041614532,0.0
802,demo_802,212,3.0,True,0.21532587707042694,0.0
803,demo_803,261,7.0,True,0.20483176410198212,0.0
804,demo_804,200,8.0,True,0.20114301145076752,0.0
805,demo_805,194,12.0,True,0.22885672748088837,0.0
806,demo_806,233,4.0,True,0.22206878662109375,0.0
807,demo_807,206,5.0,True,0.2171294391155243,0.0
808,demo_808,200,6.0,True,0.2092568427324295,0.0
809,demo_809,212,3.0,True,0.22296003997325897,0.0
810,demo_810,242,4.0,True,0.21269254386425018,0.0
811,demo_811,242,2.0,True,0.2197585105895996,0.0
812,demo_812,206,7.0,True,0.2328817993402481,0.0
813,demo_813,212,9.0,True,0.21542248129844666,0.0
814,demo_814,261,9.0,True,0.20669081807136536,0.0
815,demo_815,215,6.0,True,0.22083696722984314,0.0
816,demo_816,233,6.0,True,0.21362224221229553,0.0
817,demo_817,212,11.0,True,0.21443237364292145,0.0
818,demo_818,206,1.0,True,0.22836630046367645,0.0
819,demo_819,212,9.0,True,0.21661435067653656,0.0
820,demo_820,233,4.0,True,0.22351212799549103,0.0
821,demo_821,242,5.0,True,0.20589260756969452,0.0
822,demo_822,261,11.0,True,0.21527227759361267,0.0
823,demo_823,212,5.0,True,0.21058177947998047,0.0
824,demo_824,233,6.0,True,0.20903660356998444,0.0
825,demo_825,206,1.0,True,0.22978922724723816,0.0
826,demo_826,206,5.0,True,0.22190168499946594,0.0
827,demo_827,261,9.0,True,0.2074367105960846,0.0
828,demo_828,215,5.0,True,0.21933898329734802,0.0
829,demo_829,249,4.0,True,0.2241400182247162,0.0
830,demo_830,233,6.0,True,0.2255769670009613,0.0
831,demo_831,249,7.0,True,0.21030159294605255,0.0
832,demo_832,233,5.0,True,0.22181648015975952,0.0
833,demo_833,233,7.0,True,0.19977125525474548,0.0
834,demo_834,206,6.0,True,0.21611860394477844,0.0
835,demo_835,233,6.0,True,0.2265220582485199,0.0
836,demo_836,233,3.0,True,0.21203438937664032,0.0
837,demo_837,249,3.0,True,0.21274185180664062,0.0
838,demo_838,215,5.0,True,0.21798183023929596,0.0
839,demo_839,206,6.0,True,0.21670907735824585,0.0
840,demo_840,261,8.0,True,0.21499334275722504,0.0
841,demo_841,261,8.0,True,0.20720751583576202,0.0
842,demo_842,194,15.0,True,0.2311217188835144,0.0
843,demo_843,233,5.0,True,0.21922698616981506,0.0
844,demo_844,261,3.0,True,0.21419863402843475,0.0
845,demo_845,206,1.0,True,0.22345596551895142,0.0
846,demo_846,233,5.0,True,0.22017592191696167,0.0
847,demo_847,242,2.0,True,0.21335238218307495,0.0
848,demo_848,261,6.0,True,0.2144637107849121,0.0
849,demo_849,233,5.0,True,0.2173139601945877,0.0
850,demo_850,233,8.0,True,0.2149593085050583,0.0
851,demo_851,233,1.0,True,0.2042677253484726,0.0
852,demo_852,233,8.0,True,0.2239997833967209,0.0
853,demo_853,194,9.0,True,0.2243208885192871,0.0
854,demo_854,233,7.0,True,0.22000914812088013,0.0
855,demo_855,233,4.0,True,0.21027205884456635,0.0
856,demo_856,206,4.0,True,0.22167357802391052,0.0
857,demo_857,194,2.0,True,0.23225852847099304,0.0
858,demo_858,261,8.0,True,0.20825642347335815,0.0
859,demo_859,215,1.0,True,0.20425347983837128,0.0
860,demo_860,200,8.0,True,0.2032293826341629,0.0
861,demo_861,200,5.0,True,0.20746754109859467,0.0
862,demo_862,242,1.0,True,0.20988409221172333,0.0
863,demo_863,242,3.0,True,0.20628362894058228,0.0
864,demo_864,200,2.0,True,0.2205868810415268,0.0
865,demo_865,212,18.0,True,0.21606315672397614,0.0
866,demo_866,200,10.0,True,0.20794466137886047,0.0
867,demo_867,194,16.0,True,0.22381556034088135,0.0
868,demo_868,242,2.0,True,0.218333899974823,0.0
869,demo_869,233,3.0,True,0.2231721580028534,0.0
870,demo_870,261,12.0,True,0.2042715698480606,0.0
871,demo_871,242,4.0,True,0.21303914487361908,0.0
872,demo_872,233,5.0,True,0.21635408699512482,0.0
873,demo_873,233,6.0,True,0.2250152826309204,0.0
874,demo_874,194,13.0,True,0.23211626708507538,0.0
875,demo_875,206,3.0,True,0.22175545990467072,0.0
876,demo_876,233,7.0,True,0.22261467576026917,0.0
877,demo_877,233,7.0,True,0.21747052669525146,0.0
878,demo_878,212,3.0,True,0.2153376042842865,0.0
879,demo_879,194,10.0,True,0.21871335804462433,0.0
880,demo_880,242,2.0,True,0.21160079538822174,0.0
881,demo_881,249,6.0,True,0.2182031124830246,0.0
882,demo_882,242,1.0,True,0.21647995710372925,0.0
883,demo_883,261,13.0,True,0.206680029630661,0.0
884,demo_884,194,2.0,True,0.23082934319972992,0.0
885,demo_885,215,4.0,True,0.20847968757152557,0.0
886,demo_886,194,8.0,True,0.21937692165374756,0.0
887,demo_887,212,7.0,True,0.2219182848930359,0.0
888,demo_888,233,7.0,True,0.2260037660598755,0.0
889,demo_889,261,3.0,True,0.2108839899301529,0.0
890,demo_890,233,6.0,True,0.22341559827327728,0.0
891,demo_891,194,12.0,True,0.23719017207622528,0.0
892,demo_892,233,5.0,True,0.22625961899757385,0.0
893,demo_893,215,6.0,True,0.22569146752357483,0.0
894,demo_894,215,1.0,True,0.2167600691318512,0.0
895,demo_895,215,3.0,True,0.20410221815109253,0.0
896,demo_896,261,9.0,True,0.2130836695432663,0.0
897,demo_897,249,5.0,True,0.22934918105602264,0.0
898,demo_898,212,10.0,True,0.21099889278411865,0.0
899,demo_899,233,6.0,True,0.21941277384757996,0.0
900,demo_900,215,6.0,True,0.20703448355197906,0.0
901,demo_901,194,12.0,True,0.240535169839859,0.0
902,demo_902,194,5.0,True,0.23078414797782898,0.0
903,demo_903,261,12.0,True,0.20968079566955566,0.0
904,demo_904,233,6.0,True,0.2128211110830307,0.0
905,demo_905,194,12.0,True,0.22392110526561737,0.0
906,demo_906,249,5.0,True,0.2243690937757492,0.0
907,demo_907,206,8.0,True,0.22154615819454193,0.0
908,demo_908,212,5.0,True,0.21045956015586853,0.0
909,demo_909,194,14.0,True,0.2220250517129898,0.0
910,demo_910,261,4.0,True,0.2122046798467636,0.0
911,demo_911,233,4.0,True,0.22357682883739471,0.0
912,demo_912,233,5.0,True,0.2084522545337677,0.0
913,demo_913,200,8.0,True,0.2068794220685959,0.0
914,demo_914,233,11.0,True,0.2180204689502716,0.0
915,demo_915,233,5.0,True,0.2133435606956482,0.0
916,demo_916,215,6.0,True,0.2113506942987442,0.0
917,demo_917,200,3.0,True,0.21264053881168365,0.0
918,demo_918,242,6.0,True,0.22166819870471954,0.0
919,demo_919,233,10.0,True,0.21029096841812134,0.0
920,demo_920,200,6.0,True,0.21889248490333557,0.0
921,demo_921,261,5.0,True,0.20852220058441162,0.0
922,demo_922,215,3.0,True,0.21807296574115753,0.0
923,demo_923,233,4.0,True,0.22256185114383698,0.0
924,demo_924,194,12.0,True,0.24505390226840973,0.0
925,demo_925,233,5.0,True,0.2208649218082428,0.0
926,demo_926,212,7.0,True,0.21326525509357452,0.0
927,demo_927,194,5.0,True,0.23826569318771362,0.0
928,demo_928,261,12.0,True,0.2181748002767563,0.0
929,demo_929,261,9.0,True,0.2019343376159668,0.0
930,demo_930,261,4.0,True,0.20610010623931885,0.0
931,demo_931,233,4.0,True,0.21505361795425415,0.0
932,demo_932,233,2.0,True,0.22134119272232056,0.0
933,demo_933,249,7.0,True,0.22179831564426422,0.0
934,demo_934,200,3.0,True,0.20735551416873932,0.0
935,demo_935,212,3.0,True,0.21801164746284485,0.0
936,demo_936,249,5.0,True,0.21387426555156708,0.0
937,demo_937,212,5.0,True,0.21647295355796814,0.0
938,demo_938,233,5.0,True,0.21588410437107086,0.0
939,demo_939,242,4.0,True,0.21078550815582275,0.0
940,demo_940,212,5.0,True,0.2174023985862732,0.0
941,demo_941,200,2.0,True,0.20478065311908722,0.0
942,demo_942,242,5.0,True,0.2173144668340683,0.0
943,demo_943,206,2.0,True,0.22296231985092163,0.0
944,demo_944,215,10.0,True,0.22444196045398712,0.0
945,demo_945,212,2.0,True,0.222295880317688,0.0
946,demo_946,200,7.0,True,0.21669045090675354,0.0
947,demo_947,212,11.0,True,0.21870335936546326,0.0
948,demo_948,215,1.0,True,0.2157200574874878,0.0
949,demo_949,194,9.0,True,0.2387346625328064,0.0
950,demo_950,261,8.0,True,0.19990213215351105,0.0
951,demo_951,215,6.0,True,0.21505466103553772,0.0
952,demo_952,261,7.0,True,0.21197238564491272,0.0
953,demo_953,249,10.0,True,0.21792905032634735,0.0
954,demo_954,242,3.0,True,0.2105923444032669,0.0
955,demo_955,242,6.0,True,0.21231074631214142,0.0
956,demo_956,200,8.0,True,0.20744404196739197,0.0
957,demo_957,233,6.0,True,0.224587544798851,0.0
958,demo_958,249,5.0,True,0.2140670120716095,0.0
959,demo_959,249,2.0,True,0.20966462790966034,0.0
960,demo_960,233,6.0,True,0.22077974677085876,0.0
961,demo_961,194,7.0,True,0.23154176771640778,0.0
962,demo_962,233,5.0,True,0.232412189245224,0.0
963,demo_963,206,1.0,True,0.21326476335525513,0.0
964,demo_964,242,5.0,True,0.2172028124332428,0.0
965,demo_965,200,7.0,True,0.20119698345661163,0.0
966,demo_966,261,8.0,True,0.21731805801391602,0.0
967,demo_967,215,2.0,True,0.21693338453769684,0.0
968,demo_968,261,8.0,True,0.20378157496452332,0.0
969,demo_969,261,12.0,True,0.20569176971912384,0.0
970,demo_970,194,10.0,True,0.22590020298957825,0.0
971,demo_971,215,5.0,True,0.2154630869626999,0.0
972,demo_972,261,2.0,True,0.2114214152097702,0.0
973,demo_973,249,4.0,True,0.22687393426895142,0.0
974,demo_974,194,7.0,True,0.21917250752449036,0.0
975,demo_975,261,9.0,True,0.2045811116695404,0.0
976,demo_976,242,3.0,True,0.21769334375858307,0.0
977,demo_977,249,1.0,True,0.2194949835538864,0.0
978,demo_978,194,2.0,True,0.23178189992904663,0.0
979,demo_979,215,3.0,True,0.2102988064289093,0.0
980,demo_980,261,10.0,True,0.21315011382102966,0.0
981,demo_981,212,5.0,True,0.22034825384616852,0.0
982,demo_982,261,5.0,True,0.2160012423992157,0.0
983,demo_983,215,3.0,True,0.2223772257566452,0.0
984,demo_984,200,7.0,True,0.215111643075943,0.0
985,demo_985,233,8.0,True,0.22715529799461365,0.0
986,demo_986,212,4.0,True,0.20495595037937164,0.0
987,demo_987,194,7.0,True,0.22205808758735657,0.0
988,demo_988,212,3.0,True,0.2159557193517685,0.0
989,demo_989,215,3.0,True,0.20879630744457245,0.0
990,demo_990,194,7.0,True,0.22797350585460663,0.0
991,demo_991,212,3.0,True,0.21264344453811646,0.0
992,demo_992,206,12.0,True,0.22482772171497345,0.0
993,demo_993,233,6.0,True,0.21548587083816528,0.0
994,demo_994,261,12.0,True,0.2035541832447052,0.0
995,demo_995,261,5.0,True,0.20691734552383423,0.0
996,demo_996,233,8.0,True,0.22793149948120117,0.0
997,demo_997,194,9.0,True,0.23353232443332672,0.0
998,demo_998,242,1.0,True,0.21208444237709045,0.0
999,demo_999,242,1.0,True,0.20840567350387573,0.0
